[
  { "tool": "navigate", "args": { "url": "http://localhost:5173/login" } },
  { "tool": "wait_for_selector", "args": { "selector": "input[name='username'], input[type='email']", "timeoutMs": 20000 } },
  { "tool": "screenshot", "args": { "name": "01-login-page-initial", "fullPage": true } },
  
  { "tool": "type", "args": { "selector": "input[name='username']", "text": "admin" } },
  { "tool": "type", "args": { "selector": "input[name='password']", "text": "password123" } },
  { "tool": "screenshot", "args": { "name": "02-login-form-filled", "selector": "form" } },
  
  { "tool": "click", "args": { "selector": "button[type='submit'], button:has-text('Sign In'), button:has-text('Login')" } },
  { "tool": "wait_for_selector", "args": { "selector": "nav, main, [data-testid='dashboard']", "timeoutMs": 20000 } },
  { "tool": "screenshot", "args": { "name": "03-dashboard-after-login", "fullPage": true } },
  
  { "tool": "navigate", "args": { "url": "http://localhost:5173/profile" } },
  { "tool": "wait_for_selector", "args": { "selector": "main, .profile-page", "timeoutMs": 20000 } },
  { "tool": "screenshot", "args": { "name": "04-user-profile-page", "fullPage": true } },
  
  { "tool": "navigate", "args": { "url": "http://localhost:5173/logout" } },
  { "tool": "wait_for_selector", "args": { "selector": "input[name='username'], input[type='email']", "timeoutMs": 10000 } },
  { "tool": "screenshot", "args": { "name": "05-logout-success", "fullPage": true } },
  
  { "tool": "navigate", "args": { "url": "http://localhost:5173/login" } },
  { "tool": "wait_for_selector", "args": { "selector": "input[name='username']", "timeoutMs": 20000 } },
  { "tool": "type", "args": { "selector": "input[name='username']", "text": "invaliduser" } },
  { "tool": "type", "args": { "selector": "input[name='password']", "text": "wrongpassword" } },
  { "tool": "click", "args": { "selector": "button[type='submit']" } },
  { "tool": "wait_for_selector", "args": { "selector": ".error, .alert, .toast, .notification", "timeoutMs": 10000 } },
  { "tool": "screenshot", "args": { "name": "06-invalid-login-error", "fullPage": true } },
  
  { "tool": "type", "args": { "selector": "input[name='username']", "text": "" } },
  { "tool": "type", "args": { "selector": "input[name='password']", "text": "" } },
  { "tool": "click", "args": { "selector": "button[type='submit']" } },
  { "tool": "wait_for_selector", "args": { "selector": ".error, .alert, .toast, .notification", "timeoutMs": 10000 } },
  { "tool": "screenshot", "args": { "name": "07-empty-fields-error", "fullPage": true } },
  
  { "tool": "type", "args": { "selector": "input[name='username']", "text": "admin" } },
  { "tool": "type", "args": { "selector": "input[name='password']", "text": "password123" } },
  { "tool": "click", "args": { "selector": "button[type='submit']" } },
  { "tool": "wait_for_selector", "args": { "selector": "nav, main", "timeoutMs": 20000 } },
  { "tool": "screenshot", "args": { "name": "08-successful-login-after-errors", "fullPage": true } }
]
