[
  { "tool": "navigate", "args": { "url": "http://localhost:5173/login" } },
  { "tool": "wait_for_selector", "args": { "selector": "input[name='username']", "timeoutMs": 20000 } },
  { "tool": "type", "args": { "selector": "input[name='username']", "text": "admin" } },
  { "tool": "type", "args": { "selector": "input[name='password']", "text": "password123" } },
  { "tool": "click", "args": { "selector": "button[type='submit']" } },
  { "tool": "wait_for_selector", "args": { "selector": "nav, main", "timeoutMs": 20000 } },

  { "tool": "navigate", "args": { "url": "http://localhost:5173/users" } },
  { "tool": "wait_for_selector", "args": { "selector": "table, [role='table'], .user-list", "timeoutMs": 20000 } },
  { "tool": "screenshot", "args": { "name": "01-users-list-page", "fullPage": true } },

  { "tool": "navigate", "args": { "url": "http://localhost:5173/add-user" } },
  { "tool": "wait_for_selector", "args": { "selector": "form, input[name='firstName']", "timeoutMs": 20000 } },
  { "tool": "screenshot", "args": { "name": "02-add-user-form-initial", "fullPage": true } },

  { "tool": "type", "args": { "selector": "input[name='firstName']", "text": "John" } },
  { "tool": "type", "args": { "selector": "input[name='lastName']", "text": "Doe" } },
  { "tool": "type", "args": { "selector": "input[name='username']", "text": "johndoe" } },
  { "tool": "type", "args": { "selector": "input[name='email']", "text": "john.doe@example.com" } },
  { "tool": "type", "args": { "selector": "input[name='phone']", "text": "555-123-4567" } },
  { "tool": "type", "args": { "selector": "input[name='password']", "text": "SecurePass123!" } },
  
  { "tool": "click", "args": { "selector": "select[name='type'], [role='combobox']:has-text('Type')" } },
  { "tool": "wait_for_selector", "args": { "selector": "option, [role='option']", "timeoutMs": 5000 } },
  { "tool": "click", "args": { "selector": "option[value='INTERNAL'], [role='option']:has-text('Internal')" } },
  
  { "tool": "click", "args": { "selector": "select[name='role'], [role='combobox']:has-text('Role')" } },
  { "tool": "wait_for_selector", "args": { "selector": "option, [role='option']", "timeoutMs": 5000 } },
  { "tool": "click", "args": { "selector": "option[value='STAFF'], [role='option']:has-text('Staff')" } },
  
  { "tool": "click", "args": { "selector": "select[name='location'], [role='combobox']:has-text('Location')" } },
  { "tool": "wait_for_selector", "args": { "selector": "option, [role='option']", "timeoutMs": 5000 } },
  { "tool": "click", "args": { "selector": "option[value='MAIN'], [role='option']:has-text('Main')" } },
  
  { "tool": "screenshot", "args": { "name": "03-add-user-form-filled", "selector": "form" } },
  
  { "tool": "click", "args": { "selector": "button[type='submit'], button:has-text('Create User'), button:has-text('Save')" } },
  { "tool": "wait_for_selector", "args": { "selector": ".toast, .notification, .alert", "timeoutMs": 10000 } },
  { "tool": "screenshot", "args": { "name": "04-user-creation-result", "fullPage": true } },

  { "tool": "navigate", "args": { "url": "http://localhost:5173/users" } },
  { "tool": "wait_for_selector", "args": { "selector": "table, [role='table']", "timeoutMs": 20000 } },
  { "tool": "screenshot", "args": { "name": "05-users-list-after-creation", "fullPage": true } },

  { "tool": "click", "args": { "selector": "button:has-text('Edit'), a:has-text('Edit'), [role='button']:has-text('Edit')" } },
  { "tool": "wait_for_selector", "args": { "selector": "form, .edit-form", "timeoutMs": 20000 } },
  { "tool": "screenshot", "args": { "name": "06-edit-user-form", "fullPage": true } },

  { "tool": "type", "args": { "selector": "input[name='firstName']", "text": "John Updated" } },
  { "tool": "type", "args": { "selector": "input[name='lastName']", "text": "Doe Updated" } },
  { "tool": "type", "args": { "selector": "input[name='email']", "text": "john.updated@example.com" } },
  
  { "tool": "screenshot", "args": { "name": "07-edit-user-form-updated", "selector": "form" } },
  
  { "tool": "click", "args": { "selector": "button[type='submit'], button:has-text('Update'), button:has-text('Save')" } },
  { "tool": "wait_for_selector", "args": { "selector": ".toast, .notification, .alert", "timeoutMs": 10000 } },
  { "tool": "screenshot", "args": { "name": "08-user-update-result", "fullPage": true } },

  { "tool": "navigate", "args": { "url": "http://localhost:5173/users" } },
  { "tool": "wait_for_selector", "args": { "selector": "table, [role='table']", "timeoutMs": 20000 } },
  { "tool": "screenshot", "args": { "name": "09-users-list-after-update", "fullPage": true } },

  { "tool": "click", "args": { "selector": "button:has-text('View'), a:has-text('View'), [role='button']:has-text('View')" } },
  { "tool": "wait_for_selector", "args": { "selector": ".modal, .popup, .detail-view", "timeoutMs": 10000 } },
  { "tool": "screenshot", "args": { "name": "10-user-detail-view", "fullPage": true } },

  { "tool": "click", "args": { "selector": "button:has-text('Close'), button:has-text('×'), .close-button" } },
  { "tool": "wait_for_selector", "args": { "selector": "table, [role='table']", "timeoutMs": 10000 } },
  { "tool": "screenshot", "args": { "name": "11-users-list-final", "fullPage": true } }
]
