[
  { "tool": "navigate", "args": { "url": "http://localhost:5173/login" } },
  { "tool": "wait_for_selector", "args": { "selector": "input[name='username']", "timeoutMs": 20000 } },
  { "tool": "type", "args": { "selector": "input[name='username']", "text": "admin" } },
  { "tool": "type", "args": { "selector": "input[name='password']", "text": "password123" } },
  { "tool": "click", "args": { "selector": "button[type='submit']" } },
  { "tool": "wait_for_selector", "args": { "selector": "nav, main", "timeoutMs": 20000 } },

  { "tool": "navigate", "args": { "url": "http://localhost:5173/practice" } },
  { "tool": "wait_for_selector", "args": { "selector": "table, [role='table'], .practice-list", "timeoutMs": 20000 } },
  { "tool": "screenshot", "args": { "name": "01-practice-list-page", "fullPage": true } },

  { "tool": "navigate", "args": { "url": "http://localhost:5173/add-practice" } },
  { "tool": "wait_for_selector", "args": { "selector": "form, input[name='practiceId']", "timeoutMs": 20000 } },
  { "tool": "screenshot", "args": { "name": "02-add-practice-form-initial", "fullPage": true } },

  { "tool": "type", "args": { "selector": "input[name='practiceId']", "text": "PRAC001" } },
  { "tool": "type", "args": { "selector": "input[name='practiceName']", "text": "Test Medical Center" } },
  { "tool": "type", "args": { "selector": "input[name='doctor']", "text": "Dr. Jane Smith" } },
  { "tool": "type", "args": { "selector": "input[name='email']", "text": "info@testmedical.com" } },
  { "tool": "type", "args": { "selector": "input[name='address1']", "text": "123 Medical Drive" } },
  { "tool": "type", "args": { "selector": "input[name='address2']", "text": "Suite 100" } },
  { "tool": "type", "args": { "selector": "input[name='city']", "text": "New York" } },
  { "tool": "type", "args": { "selector": "input[name='state']", "text": "NY" } },
  { "tool": "type", "args": { "selector": "input[name='zip']", "text": "10001" } },
  { "tool": "type", "args": { "selector": "input[name='tin']", "text": "12-3456789" } },
  { "tool": "type", "args": { "selector": "input[name='phone']", "text": "555-123-4567" } },
  { "tool": "type", "args": { "selector": "input[name='fax']", "text": "555-123-4568" } },
  { "tool": "type", "args": { "selector": "input[name='header']", "text": "Test Medical Center - Quality Care" } },
  { "tool": "type", "args": { "selector": "input[name='footer']", "text": "Thank you for choosing our services" } },
  
  { "tool": "screenshot", "args": { "name": "03-add-practice-form-filled", "selector": "form" } },
  
  { "tool": "click", "args": { "selector": "button[type='submit'], button:has-text('Save Practice'), button:has-text('Create')" } },
  { "tool": "wait_for_selector", "args": { "selector": ".toast, .notification, .alert", "timeoutMs": 10000 } },
  { "tool": "screenshot", "args": { "name": "04-practice-creation-result", "fullPage": true } },

  { "tool": "navigate", "args": { "url": "http://localhost:5173/practice" } },
  { "tool": "wait_for_selector", "args": { "selector": "table, [role='table']", "timeoutMs": 20000 } },
  { "tool": "screenshot", "args": { "name": "05-practice-list-after-creation", "fullPage": true } },

  { "tool": "click", "args": { "selector": "button:has-text('Edit'), a:has-text('Edit'), [role='button']:has-text('Edit')" } },
  { "tool": "wait_for_selector", "args": { "selector": "form, .edit-form", "timeoutMs": 20000 } },
  { "tool": "screenshot", "args": { "name": "06-edit-practice-form", "fullPage": true } },

  { "tool": "type", "args": { "selector": "input[name='practiceName']", "text": "Updated Test Medical Center" } },
  { "tool": "type", "args": { "selector": "input[name='doctor']", "text": "Dr. Jane Smith Updated" } },
  { "tool": "type", "args": { "selector": "input[name='email']", "text": "info.updated@testmedical.com" } },
  
  { "tool": "screenshot", "args": { "name": "07-edit-practice-form-updated", "selector": "form" } },
  
  { "tool": "click", "args": { "selector": "button[type='submit'], button:has-text('Update'), button:has-text('Save')" } },
  { "tool": "wait_for_selector", "args": { "selector": ".toast, .notification, .alert", "timeoutMs": 10000 } },
  { "tool": "screenshot", "args": { "name": "08-practice-update-result", "fullPage": true } },

  { "tool": "navigate", "args": { "url": "http://localhost:5173/practice" } },
  { "tool": "wait_for_selector", "args": { "selector": "table, [role='table']", "timeoutMs": 20000 } },
  { "tool": "screenshot", "args": { "name": "09-practice-list-after-update", "fullPage": true } },

  { "tool": "click", "args": { "selector": "button:has-text('View'), a:has-text('View'), [role='button']:has-text('View')" } },
  { "tool": "wait_for_selector", "args": { "selector": ".modal, .popup, .detail-view", "timeoutMs": 10000 } },
  { "tool": "screenshot", "args": { "name": "10-practice-detail-view", "fullPage": true } },

  { "tool": "click", "args": { "selector": "button:has-text('Close'), button:has-text('×'), .close-button" } },
  { "tool": "wait_for_selector", "args": { "selector": "table, [role='table']", "timeoutMs": 10000 } },
  { "tool": "screenshot", "args": { "name": "11-practice-list-final", "fullPage": true } }
]
