[
  { "tool": "navigate", "args": { "url": "http://localhost:5173/login" } },
  { "tool": "wait_for_selector", "args": { "selector": "input[name='username']", "timeoutMs": 20000 } },
  { "tool": "type", "args": { "selector": "input[name='username']", "text": "admin" } },
  { "tool": "type", "args": { "selector": "input[name='password']", "text": "password123" } },
  { "tool": "click", "args": { "selector": "button[type='submit']" } },
  { "tool": "wait_for_selector", "args": { "selector": "nav, main", "timeoutMs": 20000 } },

  { "tool": "navigate", "args": { "url": "http://localhost:5173/patients-list" } },
  { "tool": "wait_for_selector", "args": { "selector": "table, [role='table'], .patient-list", "timeoutMs": 20000 } },
  { "tool": "screenshot", "args": { "name": "01-patients-list-page", "fullPage": true } },

  { "tool": "navigate", "args": { "url": "http://localhost:5173/add-patient" } },
  { "tool": "wait_for_selector", "args": { "selector": "form, input[name='patientId']", "timeoutMs": 20000 } },
  { "tool": "screenshot", "args": { "name": "02-add-patient-form-initial", "fullPage": true } },

  { "tool": "click", "args": { "selector": "select[name='practiceId'], [role='combobox']:has-text('Practice')" } },
  { "tool": "wait_for_selector", "args": { "selector": "option, [role='option']", "timeoutMs": 5000 } },
  { "tool": "click", "args": { "selector": "option:first-child, [role='option']:first-child" } },

  { "tool": "type", "args": { "selector": "input[name='patientId']", "text": "PAT001" } },
  { "tool": "type", "args": { "selector": "input[name='firstName']", "text": "John" } },
  { "tool": "type", "args": { "selector": "input[name='lastName']", "text": "Doe" } },
  { "tool": "type", "args": { "selector": "input[name='initial']", "text": "M" } },
  { "tool": "type", "args": { "selector": "input[name='address']", "text": "123 Main Street" } },
  { "tool": "type", "args": { "selector": "input[name='city']", "text": "New York" } },
  { "tool": "type", "args": { "selector": "input[name='state']", "text": "NY" } },
  { "tool": "type", "args": { "selector": "input[name='zip']", "text": "10001" } },
  { "tool": "type", "args": { "selector": "input[name='phone']", "text": "555-123-4567" } },
  
  { "tool": "click", "args": { "selector": "input[name='sex'][value='M']" } },
  
  { "tool": "type", "args": { "selector": "input[name='dob']", "text": "1990-01-15" } },
  { "tool": "type", "args": { "selector": "input[name='firstVisit']", "text": "2024-01-15" } },

  { "tool": "type", "args": { "selector": "input[name='insuranceDetails.policyHolderFirstName']", "text": "John" } },
  { "tool": "type", "args": { "selector": "input[name='insuranceDetails.policyHolderLastName']", "text": "Doe" } },
  { "tool": "type", "args": { "selector": "input[name='insuranceDetails.policyHolderAddress']", "text": "123 Main Street" } },
  { "tool": "type", "args": { "selector": "input[name='insuranceDetails.policyHolderCity']", "text": "New York" } },
  { "tool": "type", "args": { "selector": "input[name='insuranceDetails.policyHolderState']", "text": "NY" } },
  { "tool": "type", "args": { "selector": "input[name='insuranceDetails.policyHolderZip']", "text": "10001" } },
  { "tool": "type", "args": { "selector": "input[name='insuranceDetails.policyHolderPhone']", "text": "555-123-4567" } },

  { "tool": "click", "args": { "selector": "select[name='primaryInsurance.insuranceCompany'], [role='combobox']:has-text('Insurance')" } },
  { "tool": "wait_for_selector", "args": { "selector": "option, [role='option']", "timeoutMs": 5000 } },
  { "tool": "click", "args": { "selector": "option:first-child, [role='option']:first-child" } },

  { "tool": "type", "args": { "selector": "input[name='primaryInsurance.claimNumber']", "text": "CLM001" } },
  { "tool": "type", "args": { "selector": "input[name='primaryInsurance.policyNumber']", "text": "POL001" } },
  { "tool": "type", "args": { "selector": "input[name='primaryInsurance.dateOfAccident']", "text": "2024-01-01" } },
  { "tool": "type", "args": { "selector": "input[name='primaryInsurance.relationship']", "text": "Self" } },
  { "tool": "type", "args": { "selector": "input[name='primaryInsurance.adjusterName']", "text": "Jane Adjuster" } },
  { "tool": "type", "args": { "selector": "input[name='primaryInsurance.adjusterFax']", "text": "555-123-4568" } },
  { "tool": "type", "args": { "selector": "input[name='primaryInsurance.insurancePhone']", "text": "555-123-4569" } },
  { "tool": "type", "args": { "selector": "input[name='primaryInsurance.insuranceFax']", "text": "555-123-4570" } },
  { "tool": "type", "args": { "selector": "textarea[name='primaryInsurance.notes']", "text": "Primary insurance coverage details" } },
  
  { "tool": "screenshot", "args": { "name": "03-add-patient-form-filled", "selector": "form" } },
  
  { "tool": "click", "args": { "selector": "button[type='submit'], button:has-text('Save'), button:has-text('Create')" } },
  { "tool": "wait_for_selector", "args": { "selector": ".toast, .notification, .alert", "timeoutMs": 10000 } },
  { "tool": "screenshot", "args": { "name": "04-patient-creation-result", "fullPage": true } },

  { "tool": "navigate", "args": { "url": "http://localhost:5173/patients-list" } },
  { "tool": "wait_for_selector", "args": { "selector": "table, [role='table']", "timeoutMs": 20000 } },
  { "tool": "screenshot", "args": { "name": "05-patients-list-after-creation", "fullPage": true } },

  { "tool": "click", "args": { "selector": "button:has-text('Edit'), a:has-text('Edit'), [role='button']:has-text('Edit')" } },
  { "tool": "wait_for_selector", "args": { "selector": "form, .edit-form", "timeoutMs": 20000 } },
  { "tool": "screenshot", "args": { "name": "06-edit-patient-form", "fullPage": true } },

  { "tool": "type", "args": { "selector": "input[name='firstName']", "text": "John Updated" } },
  { "tool": "type", "args": { "selector": "input[name='lastName']", "text": "Doe Updated" } },
  { "tool": "type", "args": { "selector": "input[name='phone']", "text": "555-999-8888" } },
  
  { "tool": "screenshot", "args": { "name": "07-edit-patient-form-updated", "selector": "form" } },
  
  { "tool": "click", "args": { "selector": "button[type='submit'], button:has-text('Update'), button:has-text('Save')" } },
  { "tool": "wait_for_selector", "args": { "selector": ".toast, .notification, .alert", "timeoutMs": 10000 } },
  { "tool": "screenshot", "args": { "name": "08-patient-update-result", "fullPage": true } },

  { "tool": "navigate", "args": { "url": "http://localhost:5173/patients-list" } },
  { "tool": "wait_for_selector", "args": { "selector": "table, [role='table']", "timeoutMs": 20000 } },
  { "tool": "screenshot", "args": { "name": "09-patients-list-after-update", "fullPage": true } },

  { "tool": "click", "args": { "selector": "button:has-text('View'), a:has-text('View'), [role='button']:has-text('View')" } },
  { "tool": "wait_for_selector", "args": { "selector": ".modal, .popup, .detail-view", "timeoutMs": 10000 } },
  { "tool": "screenshot", "args": { "name": "10-patient-detail-view", "fullPage": true } },

  { "tool": "click", "args": { "selector": "button:has-text('Close'), button:has-text('×'), .close-button" } },
  { "tool": "wait_for_selector", "args": { "selector": "table, [role='table']", "timeoutMs": 10000 } },
  { "tool": "screenshot", "args": { "name": "11-patients-list-final", "fullPage": true } }
]
