[
  { "tool": "navigate", "args": { "url": "http://localhost:5173/login" } },
  { "tool": "wait_for_selector", "args": { "selector": "input[name='username']", "timeoutMs": 20000 } },
  { "tool": "type", "args": { "selector": "input[name='username']", "text": "admin" } },
  { "tool": "type", "args": { "selector": "input[name='password']", "text": "password123" } },
  { "tool": "click", "args": { "selector": "button[type='submit']" } },
  { "tool": "wait_for_selector", "args": { "selector": "nav, main", "timeoutMs": 20000 } },

  { "tool": "navigate", "args": { "url": "http://localhost:5173/letters" } },
  { "tool": "wait_for_selector", "args": { "selector": "main, .letters-page", "timeoutMs": 20000 } },
  { "tool": "screenshot", "args": { "name": "01-letters-page", "fullPage": true } },

  { "tool": "navigate", "args": { "url": "http://localhost:5173/letters/generate" } },
  { "tool": "wait_for_selector", "args": { "selector": "form, select[name='letterType']", "timeoutMs": 20000 } },
  { "tool": "screenshot", "args": { "name": "02-letter-generation-form-initial", "fullPage": true } },

  { "tool": "click", "args": { "selector": "select[name='categoryFilter'], [role='combobox']:has-text('Filter')" } },
  { "tool": "wait_for_selector", "args": { "selector": "option, [role='option']", "timeoutMs": 5000 } },
  { "tool": "click", "args": { "selector": "option[value='All'], [role='option']:has-text('All')" } },

  { "tool": "click", "args": { "selector": "select[name='letterType']" } },
  { "tool": "wait_for_selector", "args": { "selector": "option, [role='option']", "timeoutMs": 5000 } },
  { "tool": "click", "args": { "selector": "option:not([value='']):first-child, [role='option']:not([value='']):first-child" } },

  { "tool": "click", "args": { "selector": "select[name='practiceId']" } },
  { "tool": "wait_for_selector", "args": { "selector": "option, [role='option']", "timeoutMs": 5000 } },
  { "tool": "click", "args": { "selector": "option:not([value='']):first-child, [role='option']:not([value='']):first-child" } },

  { "tool": "type", "args": { "selector": "input[name='patientId']", "text": "PAT001" } },

  { "tool": "wait_for_selector", "args": { "selector": "input[name='insuranceCompany'], input[name='amount'], input[name='dos']", "timeoutMs": 5000 } },
  
  { "tool": "type", "args": { "selector": "input[name='insuranceCompany']", "text": "Test Insurance" } },
  { "tool": "type", "args": { "selector": "input[name='amount']", "text": "1500.00" } },
  { "tool": "type", "args": { "selector": "input[name='dos']", "text": "2024-01-15" } },
  { "tool": "type", "args": { "selector": "input[name='doi']", "text": "2024-01-10" } },
  { "tool": "type", "args": { "selector": "input[name='claim']", "text": "CLM001" } },
  { "tool": "type", "args": { "selector": "input[name='signed']", "text": "Dr. Smith" } },
  { "tool": "type", "args": { "selector": "input[name='phoneNumber']", "text": "555-123-4567" } },
  { "tool": "type", "args": { "selector": "input[name='ext']", "text": "123" } },
  
  { "tool": "screenshot", "args": { "name": "03-letter-form-filled", "selector": "form" } },
  
  { "tool": "click", "args": { "selector": "button:has-text('Preview Letter'), button[type='submit']" } },
  { "tool": "wait_for_selector", "args": { "selector": ".letter-preview, .preview-content", "timeoutMs": 10000 } },
  { "tool": "screenshot", "args": { "name": "04-letter-preview", "fullPage": true } },

  { "tool": "click", "args": { "selector": "button:has-text('Export PDF'), button:has-text('PDF')" } },
  { "tool": "wait_for_selector", "args": { "selector": ".toast, .notification", "timeoutMs": 10000 } },
  { "tool": "screenshot", "args": { "name": "05-pdf-export-result", "fullPage": true } },

  { "tool": "click", "args": { "selector": "button:has-text('Export DOC'), button:has-text('Word')" } },
  { "tool": "wait_for_selector", "args": { "selector": ".toast, .notification", "timeoutMs": 10000 } },
  { "tool": "screenshot", "args": { "name": "06-word-export-result", "fullPage": true } },

  { "tool": "click", "args": { "selector": "button:has-text('Print')" } },
  { "tool": "wait_for_selector", "args": { "selector": ".toast, .notification", "timeoutMs": 10000 } },
  { "tool": "screenshot", "args": { "name": "07-print-result", "fullPage": true } },

  { "tool": "navigate", "args": { "url": "http://localhost:5173/letters" } },
  { "tool": "wait_for_selector", "args": { "selector": "main, .letters-page", "timeoutMs": 20000 } },
  { "tool": "screenshot", "args": { "name": "08-letters-page-after-generation", "fullPage": true } },

  { "tool": "navigate", "args": { "url": "http://localhost:5173/letter-types" } },
  { "tool": "wait_for_selector", "args": { "selector": "main, .letter-types-page", "timeoutMs": 20000 } },
  { "tool": "screenshot", "args": { "name": "09-letter-types-page", "fullPage": true } },

  { "tool": "navigate", "args": { "url": "http://localhost:5173/templates" } },
  { "tool": "wait_for_selector", "args": { "selector": "main, .templates-page", "timeoutMs": 20000 } },
  { "tool": "screenshot", "args": { "name": "10-templates-page", "fullPage": true } },

  { "tool": "navigate", "args": { "url": "http://localhost:5173/templates/create" } },
  { "tool": "wait_for_selector", "args": { "selector": "form, input[name='templateName']", "timeoutMs": 20000 } },
  { "tool": "screenshot", "args": { "name": "11-create-template-form", "fullPage": true } },

  { "tool": "type", "args": { "selector": "input[name='templateName']", "text": "Test Letter Template" } },
  { "tool": "type", "args": { "selector": "textarea[name='templateContent'], textarea[name='content']", "text": "Dear {insuranceCompany},\\n\\nThis is a test letter template for patient {patientId}.\\n\\nAmount: ${amount}\\nDate of Service: {dos}\\n\\nSincerely,\\n{providerName}" } },
  
  { "tool": "click", "args": { "selector": "select[name='category'], [role='combobox']:has-text('Category')" } },
  { "tool": "wait_for_selector", "args": { "selector": "option, [role='option']", "timeoutMs": 5000 } },
  { "tool": "click", "args": { "selector": "option[value='Insurance'], [role='option']:has-text('Insurance')" } },
  
  { "tool": "type", "args": { "selector": "input[name='fields']", "text": "patientId,amount,dos,insuranceCompany" } },
  
  { "tool": "screenshot", "args": { "name": "12-create-template-form-filled", "selector": "form" } },
  
  { "tool": "click", "args": { "selector": "button[type='submit'], button:has-text('Create'), button:has-text('Save')" } },
  { "tool": "wait_for_selector", "args": { "selector": ".toast, .notification, .alert", "timeoutMs": 10000 } },
  { "tool": "screenshot", "args": { "name": "13-template-creation-result", "fullPage": true } },

  { "tool": "navigate", "args": { "url": "http://localhost:5173/templates" } },
  { "tool": "wait_for_selector", "args": { "selector": "table, .template-list", "timeoutMs": 20000 } },
  { "tool": "screenshot", "args": { "name": "14-templates-list-after-creation", "fullPage": true } }
]
