[
  { "tool": "navigate", "args": { "url": "http://localhost:5173/login" } },
  { "tool": "wait_for_selector", "args": { "selector": "input[name='username']", "timeoutMs": 20000 } },
  { "tool": "type", "args": { "selector": "input[name='username']", "text": "admin" } },
  { "tool": "type", "args": { "selector": "input[name='password']", "text": "password123" } },
  { "tool": "click", "args": { "selector": "button[type='submit']" } },
  { "tool": "wait_for_selector", "args": { "selector": "nav, main", "timeoutMs": 20000 } },

  { "tool": "navigate", "args": { "url": "http://localhost:5173/faxDashboard" } },
  { "tool": "wait_for_selector", "args": { "selector": "main, .fax-dashboard", "timeoutMs": 20000 } },
  { "tool": "screenshot", "args": { "name": "01-fax-dashboard", "fullPage": true } },

  { "tool": "click", "args": { "selector": "a[href*='faxIncoming'], button:has-text('Incoming')" } },
  { "tool": "wait_for_selector", "args": { "selector": "main, .incoming-fax", "timeoutMs": 20000 } },
  { "tool": "screenshot", "args": { "name": "02-incoming-fax-page", "fullPage": true } },

  { "tool": "navigate", "args": { "url": "http://localhost:5173/faxOutgoing" } },
  { "tool": "wait_for_selector", "args": { "selector": "main, .outgoing-fax", "timeoutMs": 20000 } },
  { "tool": "screenshot", "args": { "name": "03-outgoing-fax-page", "fullPage": true } },

  { "tool": "navigate", "args": { "url": "http://localhost:5173/sendFax" } },
  { "tool": "wait_for_selector", "args": { "selector": "form, .send-fax-form", "timeoutMs": 20000 } },
  { "tool": "screenshot", "args": { "name": "04-send-fax-form-initial", "fullPage": true } },

  { "tool": "type", "args": { "selector": "input[name='recipient'], input[name='to']", "text": "555-123-4567" } },
  { "tool": "type", "args": { "selector": "input[name='subject'], input[name='title']", "text": "Test Fax Document" } },
  { "tool": "type", "args": { "selector": "textarea[name='message'], textarea[name='content']", "text": "This is a test fax message for automation testing." } },
  
  { "tool": "screenshot", "args": { "name": "05-send-fax-form-filled", "selector": "form" } },
  
  { "tool": "click", "args": { "selector": "button[type='submit'], button:has-text('Send'), button:has-text('Send Fax')" } },
  { "tool": "wait_for_selector", "args": { "selector": ".toast, .notification, .alert", "timeoutMs": 10000 } },
  { "tool": "screenshot", "args": { "name": "06-send-fax-result", "fullPage": true } },

  { "tool": "navigate", "args": { "url": "http://localhost:5173/faxNumbers" } },
  { "tool": "wait_for_selector", "args": { "selector": "main, .fax-numbers", "timeoutMs": 20000 } },
  { "tool": "screenshot", "args": { "name": "07-fax-numbers-page", "fullPage": true } },

  { "tool": "click", "args": { "selector": "button:has-text('Add'), button:has-text('Create'), a:has-text('Add')" } },
  { "tool": "wait_for_selector", "args": { "selector": "form, .add-fax-number-form", "timeoutMs": 20000 } },
  { "tool": "screenshot", "args": { "name": "08-add-fax-number-form", "fullPage": true } },

  { "tool": "type", "args": { "selector": "input[name='companyName'], input[name='company']", "text": "Test Company" } },
  { "tool": "type", "args": { "selector": "input[name='faxNumber'], input[name='number']", "text": "555-123-4567" } },
  { "tool": "type", "args": { "selector": "input[name='typeNumber'], input[name='type']", "text": "Primary" } },
  
  { "tool": "click", "args": { "selector": "select[name='practice'], [role='combobox']:has-text('Practice')" } },
  { "tool": "wait_for_selector", "args": { "selector": "option, [role='option']", "timeoutMs": 5000 } },
  { "tool": "click", "args": { "selector": "option:first-child, [role='option']:first-child" } },
  
  { "tool": "screenshot", "args": { "name": "09-add-fax-number-form-filled", "selector": "form" } },
  
  { "tool": "click", "args": { "selector": "button[type='submit'], button:has-text('Save'), button:has-text('Create')" } },
  { "tool": "wait_for_selector", "args": { "selector": ".toast, .notification, .alert", "timeoutMs": 10000 } },
  { "tool": "screenshot", "args": { "name": "10-fax-number-creation-result", "fullPage": true } },

  { "tool": "navigate", "args": { "url": "http://localhost:5173/faxNumbers" } },
  { "tool": "wait_for_selector", "args": { "selector": "table, .fax-numbers-list", "timeoutMs": 20000 } },
  { "tool": "screenshot", "args": { "name": "11-fax-numbers-list-after-creation", "fullPage": true } },

  { "tool": "click", "args": { "selector": "button:has-text('Edit'), a:has-text('Edit'), [role='button']:has-text('Edit')" } },
  { "tool": "wait_for_selector", "args": { "selector": "form, .edit-form", "timeoutMs": 20000 } },
  { "tool": "screenshot", "args": { "name": "12-edit-fax-number-form", "fullPage": true } },

  { "tool": "type", "args": { "selector": "input[name='companyName']", "text": "Updated Test Company" } },
  { "tool": "type", "args": { "selector": "input[name='faxNumber']", "text": "555-999-8888" } },
  
  { "tool": "screenshot", "args": { "name": "13-edit-fax-number-form-updated", "selector": "form" } },
  
  { "tool": "click", "args": { "selector": "button[type='submit'], button:has-text('Update'), button:has-text('Save')" } },
  { "tool": "wait_for_selector", "args": { "selector": ".toast, .notification, .alert", "timeoutMs": 10000 } },
  { "tool": "screenshot", "args": { "name": "14-fax-number-update-result", "fullPage": true } },

  { "tool": "navigate", "args": { "url": "http://localhost:5173/faxNumbers" } },
  { "tool": "wait_for_selector", "args": { "selector": "table, .fax-numbers-list", "timeoutMs": 20000 } },
  { "tool": "screenshot", "args": { "name": "15-fax-numbers-list-after-update", "fullPage": true } },

  { "tool": "navigate", "args": { "url": "http://localhost:5173/faxDashboard" } },
  { "tool": "wait_for_selector", "args": { "selector": "main, .fax-dashboard", "timeoutMs": 20000 } },
  { "tool": "screenshot", "args": { "name": "16-fax-dashboard-final", "fullPage": true } }
]
