[
  { "tool": "navigate", "args": { "url": "http://localhost:5173/login" } },
  { "tool": "wait_for_selector", "args": { "selector": "input[name='username']", "timeoutMs": 20000 } },
  { "tool": "type", "args": { "selector": "input[name='username']", "text": "admin" } },
  { "tool": "type", "args": { "selector": "input[name='password']", "text": "password123" } },
  { "tool": "click", "args": { "selector": "button[type='submit']" } },
  { "tool": "wait_for_selector", "args": { "selector": "nav, main", "timeoutMs": 20000 } },

  { "tool": "navigate", "args": { "url": "http://localhost:5173/reports" } },
  { "tool": "wait_for_selector", "args": { "selector": "main, .reports-page", "timeoutMs": 20000 } },
  { "tool": "screenshot", "args": { "name": "01-reports-dashboard", "fullPage": true } },

  { "tool": "navigate", "args": { "url": "http://localhost:5173/reports/sis-reports" } },
  { "tool": "wait_for_selector", "args": { "selector": "main, .sis-reports", "timeoutMs": 20000 } },
  { "tool": "screenshot", "args": { "name": "02-sis-reports-dashboard", "fullPage": true } },

  { "tool": "click", "args": { "selector": "button:has-text('Refresh'), button:has-text('Reload')" } },
  { "tool": "wait_for_selector", "args": { "selector": ".loading, .spinner", "timeoutMs": 5000 } },
  { "tool": "wait_for_selector", "args": { "selector": "main:not(:has(.loading))", "timeoutMs": 10000 } },
  { "tool": "screenshot", "args": { "name": "03-sis-reports-refreshed", "fullPage": true } },

  { "tool": "click", "args": { "selector": "button:has-text('Show Charts'), button:has-text('Hide Charts')" } },
  { "tool": "wait_for_selector", "args": { "selector": ".chart, .recharts-wrapper", "timeoutMs": 5000 } },
  { "tool": "screenshot", "args": { "name": "04-sis-reports-with-charts", "fullPage": true } },

  { "tool": "navigate", "args": { "url": "http://localhost:5173/reports/sis-patient-data" } },
  { "tool": "wait_for_selector", "args": { "selector": "main, .sis-patient-data", "timeoutMs": 20000 } },
  { "tool": "screenshot", "args": { "name": "05-sis-patient-data-page", "fullPage": true } },

  { "tool": "navigate", "args": { "url": "http://localhost:5173/reports/patient-count" } },
  { "tool": "wait_for_selector", "args": { "selector": "main, .patient-count", "timeoutMs": 20000 } },
  { "tool": "screenshot", "args": { "name": "06-patient-count-report", "fullPage": true } },

  { "tool": "navigate", "args": { "url": "http://localhost:5173/reports/patient-users" } },
  { "tool": "wait_for_selector", "args": { "selector": "main, .patient-users", "timeoutMs": 20000 } },
  { "tool": "screenshot", "args": { "name": "07-patient-users-report", "fullPage": true } },

  { "tool": "navigate", "args": { "url": "http://localhost:5173/reports/arb-status" } },
  { "tool": "wait_for_selector", "args": { "selector": "main, .arb-status", "timeoutMs": 20000 } },
  { "tool": "screenshot", "args": { "name": "08-arb-status-report", "fullPage": true } },

  { "tool": "navigate", "args": { "url": "http://localhost:5173/reports/attorney-records" } },
  { "tool": "wait_for_selector", "args": { "selector": "main, .attorney-records", "timeoutMs": 20000 } },
  { "tool": "screenshot", "args": { "name": "09-attorney-records-report", "fullPage": true } },

  { "tool": "navigate", "args": { "url": "http://localhost:5173/reports/ageing-practice" } },
  { "tool": "wait_for_selector", "args": { "selector": "main, .ageing-practice", "timeoutMs": 20000 } },
  { "tool": "screenshot", "args": { "name": "10-ageing-practice-report", "fullPage": true } },

  { "tool": "navigate", "args": { "url": "http://localhost:5173/reports/ageing-patient" } },
  { "tool": "wait_for_selector", "args": { "selector": "main, .ageing-patient", "timeoutMs": 20000 } },
  { "tool": "screenshot", "args": { "name": "11-ageing-patient-report", "fullPage": true } },

  { "tool": "navigate", "args": { "url": "http://localhost:5173/reports/assign-report" } },
  { "tool": "wait_for_selector", "args": { "selector": "main, .assign-report", "timeoutMs": 20000 } },
  { "tool": "screenshot", "args": { "name": "12-assign-report", "fullPage": true } },

  { "tool": "navigate", "args": { "url": "http://localhost:5173/reports/sis-reports" } },
  { "tool": "wait_for_selector", "args": { "selector": "main, .sis-reports", "timeoutMs": 20000 } },
  { "tool": "click", "args": { "selector": ".card, .stat-card, [role='button']" } },
  { "tool": "wait_for_selector", "args": { "selector": ".modal, .popup, .detail-view", "timeoutMs": 5000 } },
  { "tool": "screenshot", "args": { "name": "13-report-detail-modal", "fullPage": true } },

  { "tool": "click", "args": { "selector": "button:has-text('Close'), button:has-text('×'), .close-button" } },
  { "tool": "wait_for_selector", "args": { "selector": "main, .sis-reports", "timeoutMs": 10000 } },
  { "tool": "screenshot", "args": { "name": "14-reports-dashboard-final", "fullPage": true } }
]
