[
  { "tool": "navigate", "args": { "url": "http://localhost:5173/login" } },
  { "tool": "wait_for_selector", "args": { "selector": "input[name='username']", "timeoutMs": 20000 } },
  { "tool": "type", "args": { "selector": "input[name='username']", "text": "admin" } },
  { "tool": "type", "args": { "selector": "input[name='password']", "text": "password123" } },
  { "tool": "click", "args": { "selector": "button[type='submit']" } },
  { "tool": "wait_for_selector", "args": { "selector": "nav, main", "timeoutMs": 20000 } },

  { "tool": "navigate", "args": { "url": "http://localhost:5173/admin" } },
  { "tool": "wait_for_selector", "args": { "selector": "main, .admin-page", "timeoutMs": 20000 } },
  { "tool": "screenshot", "args": { "name": "01-admin-dashboard", "fullPage": true } },

  { "tool": "navigate", "args": { "url": "http://localhost:5173/admin/user-activity-logs" } },
  { "tool": "wait_for_selector", "args": { "selector": "main, .activity-logs", "timeoutMs": 20000 } },
  { "tool": "screenshot", "args": { "name": "02-user-activity-logs", "fullPage": true } },

  { "tool": "navigate", "args": { "url": "http://localhost:5173/admin/attorney-association" } },
  { "tool": "wait_for_selector", "args": { "selector": "main, .attorney-association", "timeoutMs": 20000 } },
  { "tool": "screenshot", "args": { "name": "03-attorney-association-list", "fullPage": true } },

  { "tool": "navigate", "args": { "url": "http://localhost:5173/admin/attorney-association/create" } },
  { "tool": "wait_for_selector", "args": { "selector": "form, .create-association", "timeoutMs": 20000 } },
  { "tool": "screenshot", "args": { "name": "04-create-attorney-association-form", "fullPage": true } },

  { "tool": "type", "args": { "selector": "input[name='attorneyName'], input[name='name']", "text": "John Attorney" } },
  { "tool": "type", "args": { "selector": "input[name='email']", "text": "john.attorney@example.com" } },
  { "tool": "type", "args": { "selector": "input[name='phone']", "text": "555-123-4567" } },
  { "tool": "type", "args": { "selector": "input[name='firm']", "text": "Test Law Firm" } },
  { "tool": "type", "args": { "selector": "textarea[name='address'], textarea[name='notes']", "text": "123 Legal Street, Law City, LC 12345" } },
  
  { "tool": "screenshot", "args": { "name": "05-create-attorney-association-filled", "selector": "form" } },
  
  { "tool": "click", "args": { "selector": "button[type='submit'], button:has-text('Create'), button:has-text('Save')" } },
  { "tool": "wait_for_selector", "args": { "selector": ".toast, .notification, .alert", "timeoutMs": 10000 } },
  { "tool": "screenshot", "args": { "name": "06-attorney-association-creation-result", "fullPage": true } },

  { "tool": "navigate", "args": { "url": "http://localhost:5173/admin/attorney-association" } },
  { "tool": "wait_for_selector", "args": { "selector": "table, .association-list", "timeoutMs": 20000 } },
  { "tool": "screenshot", "args": { "name": "07-attorney-association-list-after-creation", "fullPage": true } },

  { "tool": "navigate", "args": { "url": "http://localhost:5173/admin/provider-association" } },
  { "tool": "wait_for_selector", "args": { "selector": "main, .provider-association", "timeoutMs": 20000 } },
  { "tool": "screenshot", "args": { "name": "08-provider-association-list", "fullPage": true } },

  { "tool": "navigate", "args": { "url": "http://localhost:5173/admin/provider-association/create" } },
  { "tool": "wait_for_selector", "args": { "selector": "form, .create-provider", "timeoutMs": 20000 } },
  { "tool": "screenshot", "args": { "name": "09-create-provider-association-form", "fullPage": true } },

  { "tool": "type", "args": { "selector": "input[name='providerName'], input[name='name']", "text": "Dr. Jane Provider" } },
  { "tool": "type", "args": { "selector": "input[name='email']", "text": "jane.provider@example.com" } },
  { "tool": "type", "args": { "selector": "input[name='phone']", "text": "555-987-6543" } },
  { "tool": "type", "args": { "selector": "input[name='speciality']", "text": "Cardiology" } },
  { "tool": "type", "args": { "selector": "input[name='npi']", "text": "1234567890" } },
  
  { "tool": "screenshot", "args": { "name": "10-create-provider-association-filled", "selector": "form" } },
  
  { "tool": "click", "args": { "selector": "button[type='submit'], button:has-text('Create'), button:has-text('Save')" } },
  { "tool": "wait_for_selector", "args": { "selector": ".toast, .notification, .alert", "timeoutMs": 10000 } },
  { "tool": "screenshot", "args": { "name": "11-provider-association-creation-result", "fullPage": true } },

  { "tool": "navigate", "args": { "url": "http://localhost:5173/admin/provider-association" } },
  { "tool": "wait_for_selector", "args": { "selector": "table, .provider-list", "timeoutMs": 20000 } },
  { "tool": "screenshot", "args": { "name": "12-provider-association-list-after-creation", "fullPage": true } },

  { "tool": "navigate", "args": { "url": "http://localhost:5173/profile" } },
  { "tool": "wait_for_selector", "args": { "selector": "main, .profile-page", "timeoutMs": 20000 } },
  { "tool": "screenshot", "args": { "name": "13-user-profile-page", "fullPage": true } },

  { "tool": "click", "args": { "selector": "button:has-text('Edit'), a:has-text('Edit Profile')" } },
  { "tool": "wait_for_selector", "args": { "selector": "form, .edit-profile-form", "timeoutMs": 20000 } },
  { "tool": "screenshot", "args": { "name": "14-edit-profile-form", "fullPage": true } },

  { "tool": "type", "args": { "selector": "input[name='firstName']", "text": "Admin" } },
  { "tool": "type", "args": { "selector": "input[name='lastName']", "text": "User" } },
  { "tool": "type", "args": { "selector": "input[name='email']", "text": "admin@example.com" } },
  { "tool": "type", "args": { "selector": "input[name='phone']", "text": "555-000-0000" } },
  
  { "tool": "screenshot", "args": { "name": "15-edit-profile-form-filled", "selector": "form" } },
  
  { "tool": "click", "args": { "selector": "button[type='submit'], button:has-text('Save'), button:has-text('Update')" } },
  { "tool": "wait_for_selector", "args": { "selector": ".toast, .notification, .alert", "timeoutMs": 10000 } },
  { "tool": "screenshot", "args": { "name": "16-profile-update-result", "fullPage": true } },

  { "tool": "navigate", "args": { "url": "http://localhost:5173/admin" } },
  { "tool": "wait_for_selector", "args": { "selector": "main, .admin-page", "timeoutMs": 20000 } },
  { "tool": "screenshot", "args": { "name": "17-admin-dashboard-final", "fullPage": true } }
]
