[
  { "tool": "navigate", "args": { "url": "http://localhost:5173/login" } },
  { "tool": "wait_for_selector", "args": { "selector": "input[name='username']", "timeoutMs": 20000 } },
  { "tool": "screenshot", "args": { "name": "01-error-test-login-page", "fullPage": true } },

  { "tool": "type", "args": { "selector": "input[name='username']", "text": "invaliduser" } },
  { "tool": "type", "args": { "selector": "input[name='password']", "text": "wrongpassword" } },
  { "tool": "click", "args": { "selector": "button[type='submit']" } },
  { "tool": "wait_for_selector", "args": { "selector": ".error, .alert, .toast, .notification", "timeoutMs": 10000 } },
  { "tool": "screenshot", "args": { "name": "02-invalid-login-error", "fullPage": true } },

  { "tool": "type", "args": { "selector": "input[name='username']", "text": "" } },
  { "tool": "type", "args": { "selector": "input[name='password']", "text": "" } },
  { "tool": "click", "args": { "selector": "button[type='submit']" } },
  { "tool": "wait_for_selector", "args": { "selector": ".error, .alert, .toast, .notification", "timeoutMs": 10000 } },
  { "tool": "screenshot", "args": { "name": "03-empty-fields-error", "fullPage": true } },

  { "tool": "type", "args": { "selector": "input[name='username']", "text": "admin" } },
  { "tool": "type", "args": { "selector": "input[name='password']", "text": "password123" } },
  { "tool": "click", "args": { "selector": "button[type='submit']" } },
  { "tool": "wait_for_selector", "args": { "selector": "nav, main", "timeoutMs": 20000 } },

  { "tool": "navigate", "args": { "url": "http://localhost:5173/add-user" } },
  { "tool": "wait_for_selector", "args": { "selector": "form", "timeoutMs": 20000 } },
  { "tool": "click", "args": { "selector": "button[type='submit'], button:has-text('Create User')" } },
  { "tool": "wait_for_selector", "args": { "selector": ".error, .alert, .toast, .notification", "timeoutMs": 10000 } },
  { "tool": "screenshot", "args": { "name": "04-empty-user-form-error", "fullPage": true } },

  { "tool": "type", "args": { "selector": "input[name='firstName']", "text": "John" } },
  { "tool": "type", "args": { "selector": "input[name='lastName']", "text": "Doe" } },
  { "tool": "type", "args": { "selector": "input[name='email']", "text": "invalid-email" } },
  { "tool": "click", "args": { "selector": "button[type='submit'], button:has-text('Create User')" } },
  { "tool": "wait_for_selector", "args": { "selector": ".error, .alert, .toast, .notification", "timeoutMs": 10000 } },
  { "tool": "screenshot", "args": { "name": "05-invalid-email-error", "fullPage": true } },

  { "tool": "navigate", "args": { "url": "http://localhost:5173/add-patient" } },
  { "tool": "wait_for_selector", "args": { "selector": "form", "timeoutMs": 20000 } },
  { "tool": "click", "args": { "selector": "button[type='submit'], button:has-text('Save')" } },
  { "tool": "wait_for_selector", "args": { "selector": ".error, .alert, .toast, .notification", "timeoutMs": 10000 } },
  { "tool": "screenshot", "args": { "name": "06-empty-patient-form-error", "fullPage": true } },

  { "tool": "navigate", "args": { "url": "http://localhost:5173/letters/generate" } },
  { "tool": "wait_for_selector", "args": { "selector": "form", "timeoutMs": 20000 } },
  { "tool": "click", "args": { "selector": "button:has-text('Preview Letter')" } },
  { "tool": "wait_for_selector", "args": { "selector": ".error, .alert, .toast, .notification", "timeoutMs": 10000 } },
  { "tool": "screenshot", "args": { "name": "07-incomplete-letter-form-error", "fullPage": true } },

  { "tool": "navigate", "args": { "url": "http://localhost:5173/nonexistent-page" } },
  { "tool": "wait_for_selector", "args": { "selector": ".error, .not-found, .404", "timeoutMs": 10000 } },
  { "tool": "screenshot", "args": { "name": "08-404-error-page", "fullPage": true } },

  { "tool": "navigate", "args": { "url": "http://localhost:5173/users" } },
  { "tool": "wait_for_selector", "args": { "selector": "table, [role='table']", "timeoutMs": 20000 } },
  { "tool": "click", "args": { "selector": "button:has-text('Delete'), a:has-text('Delete')" } },
  { "tool": "wait_for_selector", "args": { "selector": ".modal, .confirmation, .dialog", "timeoutMs": 5000 } },
  { "tool": "screenshot", "args": { "name": "09-delete-confirmation-modal", "fullPage": true } },
  { "tool": "click", "args": { "selector": "button:has-text('Cancel'), button:has-text('No')" } },

  { "tool": "navigate", "args": { "url": "http://localhost:5173/logout" } },
  { "tool": "wait_for_selector", "args": { "selector": "input[name='username']", "timeoutMs": 10000 } },
  { "tool": "navigate", "args": { "url": "http://localhost:5173/users" } },
  { "tool": "wait_for_selector", "args": { "selector": "input[name='username']", "timeoutMs": 10000 } },
  { "tool": "screenshot", "args": { "name": "10-unauthorized-access-redirect", "fullPage": true } },

  { "tool": "navigate", "args": { "url": "http://localhost:5173/login" } },
  { "tool": "wait_for_selector", "args": { "selector": "input[name='username']", "timeoutMs": 20000 } },
  { "tool": "type", "args": { "selector": "input[name='username']", "text": "admin" } },
  { "tool": "type", "args": { "selector": "input[name='password']", "text": "password123" } },
  { "tool": "click", "args": { "selector": "button[type='submit']" } },
  { "tool": "wait_for_selector", "args": { "selector": "nav, main", "timeoutMs": 20000 } },

  { "tool": "navigate", "args": { "url": "http://localhost:5173/add-user" } },
  { "tool": "wait_for_selector", "args": { "selector": "form", "timeoutMs": 20000 } },
  { "tool": "type", "args": { "selector": "input[name='firstName']", "text": "<script>alert('XSS')</script>" } },
  { "tool": "type", "args": { "selector": "input[name='lastName']", "text": "'; DROP TABLE users; --" } },
  { "tool": "type", "args": { "selector": "input[name='email']", "text": "test@example.com" } },
  { "tool": "type", "args": { "selector": "input[name='username']", "text": "testuser" } },
  { "tool": "type", "args": { "selector": "input[name='password']", "text": "password123" } },
  { "tool": "screenshot", "args": { "name": "11-xss-sql-injection-attempt", "fullPage": true } },

  { "tool": "click", "args": { "selector": "button[type='submit'], button:has-text('Create User')" } },
  { "tool": "wait_for_selector", "args": { "selector": ".error, .alert, .toast, .notification", "timeoutMs": 10000 } },
  { "tool": "screenshot", "args": { "name": "12-input-validation-response", "fullPage": true } },

  { "tool": "navigate", "args": { "url": "http://localhost:5173/letters/generate" } },
  { "tool": "wait_for_selector", "args": { "selector": "form", "timeoutMs": 20000 } },
  { "tool": "type", "args": { "selector": "input[name='patientId']", "text": "INVALID_PATIENT_ID" } },
  { "tool": "click", "args": { "selector": "button:has-text('Preview Letter')" } },
  { "tool": "wait_for_selector", "args": { "selector": ".error, .alert, .toast, .notification", "timeoutMs": 10000 } },
  { "tool": "screenshot", "args": { "name": "13-invalid-patient-id-error", "fullPage": true } },

  { "tool": "navigate", "args": { "url": "http://localhost:5173/faxDashboard" } },
  { "tool": "wait_for_selector", "args": { "selector": "main", "timeoutMs": 20000 } },
  { "tool": "navigate", "args": { "url": "http://localhost:5173/sendFax" } },
  { "tool": "wait_for_selector", "args": { "selector": "form", "timeoutMs": 20000 } },
  { "tool": "type", "args": { "selector": "input[name='recipient']", "text": "invalid-fax-number" } },
  { "tool": "click", "args": { "selector": "button[type='submit']" } },
  { "tool": "wait_for_selector", "args": { "selector": ".error, .alert, .toast, .notification", "timeoutMs": 10000 } },
  { "tool": "screenshot", "args": { "name": "14-invalid-fax-number-error", "fullPage": true } },

  { "tool": "navigate", "args": { "url": "http://localhost:5173/reports/sis-reports" } },
  { "tool": "wait_for_selector", "args": { "selector": "main", "timeoutMs": 20000 } },
  { "tool": "click", "args": { "selector": "button:has-text('Refresh')" } },
  { "tool": "wait_for_selector", "args": { "selector": ".loading, .spinner", "timeoutMs": 5000 } },
  { "tool": "wait_for_selector", "args": { "selector": "main:not(:has(.loading))", "timeoutMs": 15000 } },
  { "tool": "screenshot", "args": { "name": "15-reports-refresh-handling", "fullPage": true } }
]
