[
  { "tool": "navigate", "args": { "url": "http://localhost:5173/login" } },
  { "tool": "wait_for_selector", "args": { "selector": "input[name='username']", "timeoutMs": 20000 } },
  { "tool": "screenshot", "args": { "name": "01-e2e-login-page", "fullPage": true } },
  { "tool": "type", "args": { "selector": "input[name='username']", "text": "admin" } },
  { "tool": "type", "args": { "selector": "input[name='password']", "text": "password123" } },
  { "tool": "click", "args": { "selector": "button[type='submit']" } },
  { "tool": "wait_for_selector", "args": { "selector": "nav, main", "timeoutMs": 20000 } },
  { "tool": "screenshot", "args": { "name": "02-e2e-dashboard-after-login", "fullPage": true } },

  { "tool": "navigate", "args": { "url": "http://localhost:5173/users" } },
  { "tool": "wait_for_selector", "args": { "selector": "table, [role='table']", "timeoutMs": 20000 } },
  { "tool": "screenshot", "args": { "name": "03-e2e-users-list", "fullPage": true } },

  { "tool": "navigate", "args": { "url": "http://localhost:5173/add-user" } },
  { "tool": "wait_for_selector", "args": { "selector": "form", "timeoutMs": 20000 } },
  { "tool": "type", "args": { "selector": "input[name='firstName']", "text": "Test" } },
  { "tool": "type", "args": { "selector": "input[name='lastName']", "text": "User" } },
  { "tool": "type", "args": { "selector": "input[name='username']", "text": "testuser" } },
  { "tool": "type", "args": { "selector": "input[name='email']", "text": "test@example.com" } },
  { "tool": "type", "args": { "selector": "input[name='phone']", "text": "555-123-4567" } },
  { "tool": "type", "args": { "selector": "input[name='password']", "text": "TestPass123!" } },
  { "tool": "click", "args": { "selector": "select[name='type']" } },
  { "tool": "wait_for_selector", "args": { "selector": "option", "timeoutMs": 5000 } },
  { "tool": "click", "args": { "selector": "option[value='INTERNAL']" } },
  { "tool": "click", "args": { "selector": "select[name='role']" } },
  { "tool": "wait_for_selector", "args": { "selector": "option", "timeoutMs": 5000 } },
  { "tool": "click", "args": { "selector": "option[value='STAFF']" } },
  { "tool": "click", "args": { "selector": "select[name='location']" } },
  { "tool": "wait_for_selector", "args": { "selector": "option", "timeoutMs": 5000 } },
  { "tool": "click", "args": { "selector": "option[value='MAIN']" } },
  { "tool": "screenshot", "args": { "name": "04-e2e-add-user-form-filled", "selector": "form" } },
  { "tool": "click", "args": { "selector": "button[type='submit']" } },
  { "tool": "wait_for_selector", "args": { "selector": ".toast, .notification", "timeoutMs": 10000 } },
  { "tool": "screenshot", "args": { "name": "05-e2e-user-creation-result", "fullPage": true } },

  { "tool": "navigate", "args": { "url": "http://localhost:5173/practice" } },
  { "tool": "wait_for_selector", "args": { "selector": "table, [role='table']", "timeoutMs": 20000 } },
  { "tool": "screenshot", "args": { "name": "06-e2e-practice-list", "fullPage": true } },

  { "tool": "navigate", "args": { "url": "http://localhost:5173/add-practice" } },
  { "tool": "wait_for_selector", "args": { "selector": "form", "timeoutMs": 20000 } },
  { "tool": "type", "args": { "selector": "input[name='practiceId']", "text": "PRAC001" } },
  { "tool": "type", "args": { "selector": "input[name='practiceName']", "text": "Test Medical Center" } },
  { "tool": "type", "args": { "selector": "input[name='doctor']", "text": "Dr. Jane Smith" } },
  { "tool": "type", "args": { "selector": "input[name='email']", "text": "info@testmedical.com" } },
  { "tool": "type", "args": { "selector": "input[name='address1']", "text": "123 Medical Drive" } },
  { "tool": "type", "args": { "selector": "input[name='city']", "text": "New York" } },
  { "tool": "type", "args": { "selector": "input[name='state']", "text": "NY" } },
  { "tool": "type", "args": { "selector": "input[name='zip']", "text": "10001" } },
  { "tool": "type", "args": { "selector": "input[name='tin']", "text": "12-3456789" } },
  { "tool": "type", "args": { "selector": "input[name='phone']", "text": "555-123-4567" } },
  { "tool": "screenshot", "args": { "name": "07-e2e-add-practice-form-filled", "selector": "form" } },
  { "tool": "click", "args": { "selector": "button[type='submit']" } },
  { "tool": "wait_for_selector", "args": { "selector": ".toast, .notification", "timeoutMs": 10000 } },
  { "tool": "screenshot", "args": { "name": "08-e2e-practice-creation-result", "fullPage": true } },

  { "tool": "navigate", "args": { "url": "http://localhost:5173/patients-list" } },
  { "tool": "wait_for_selector", "args": { "selector": "table, [role='table']", "timeoutMs": 20000 } },
  { "tool": "screenshot", "args": { "name": "09-e2e-patients-list", "fullPage": true } },

  { "tool": "navigate", "args": { "url": "http://localhost:5173/add-patient" } },
  { "tool": "wait_for_selector", "args": { "selector": "form", "timeoutMs": 20000 } },
  { "tool": "click", "args": { "selector": "select[name='practiceId']" } },
  { "tool": "wait_for_selector", "args": { "selector": "option", "timeoutMs": 5000 } },
  { "tool": "click", "args": { "selector": "option:first-child" } },
  { "tool": "type", "args": { "selector": "input[name='patientId']", "text": "PAT001" } },
  { "tool": "type", "args": { "selector": "input[name='firstName']", "text": "John" } },
  { "tool": "type", "args": { "selector": "input[name='lastName']", "text": "Doe" } },
  { "tool": "type", "args": { "selector": "input[name='address']", "text": "123 Main Street" } },
  { "tool": "type", "args": { "selector": "input[name='city']", "text": "New York" } },
  { "tool": "type", "args": { "selector": "input[name='state']", "text": "NY" } },
  { "tool": "type", "args": { "selector": "input[name='zip']", "text": "10001" } },
  { "tool": "type", "args": { "selector": "input[name='phone']", "text": "555-123-4567" } },
  { "tool": "click", "args": { "selector": "input[name='sex'][value='M']" } },
  { "tool": "type", "args": { "selector": "input[name='dob']", "text": "1990-01-15" } },
  { "tool": "type", "args": { "selector": "input[name='firstVisit']", "text": "2024-01-15" } },
  { "tool": "screenshot", "args": { "name": "10-e2e-add-patient-form-filled", "selector": "form" } },
  { "tool": "click", "args": { "selector": "button[type='submit']" } },
  { "tool": "wait_for_selector", "args": { "selector": ".toast, .notification", "timeoutMs": 10000 } },
  { "tool": "screenshot", "args": { "name": "11-e2e-patient-creation-result", "fullPage": true } },

  { "tool": "navigate", "args": { "url": "http://localhost:5173/letters" } },
  { "tool": "wait_for_selector", "args": { "selector": "main", "timeoutMs": 20000 } },
  { "tool": "screenshot", "args": { "name": "12-e2e-letters-page", "fullPage": true } },

  { "tool": "navigate", "args": { "url": "http://localhost:5173/letters/generate" } },
  { "tool": "wait_for_selector", "args": { "selector": "form", "timeoutMs": 20000 } },
  { "tool": "click", "args": { "selector": "select[name='letterType']" } },
  { "tool": "wait_for_selector", "args": { "selector": "option", "timeoutMs": 5000 } },
  { "tool": "click", "args": { "selector": "option:not([value='']):first-child" } },
  { "tool": "click", "args": { "selector": "select[name='practiceId']" } },
  { "tool": "wait_for_selector", "args": { "selector": "option", "timeoutMs": 5000 } },
  { "tool": "click", "args": { "selector": "option:not([value='']):first-child" } },
  { "tool": "type", "args": { "selector": "input[name='patientId']", "text": "PAT001" } },
  { "tool": "wait_for_selector", "args": { "selector": "input[name='insuranceCompany'], input[name='amount']", "timeoutMs": 5000 } },
  { "tool": "type", "args": { "selector": "input[name='insuranceCompany']", "text": "Test Insurance" } },
  { "tool": "type", "args": { "selector": "input[name='amount']", "text": "1500.00" } },
  { "tool": "type", "args": { "selector": "input[name='dos']", "text": "2024-01-15" } },
  { "tool": "screenshot", "args": { "name": "13-e2e-letter-form-filled", "selector": "form" } },
  { "tool": "click", "args": { "selector": "button:has-text('Preview Letter')" } },
  { "tool": "wait_for_selector", "args": { "selector": ".letter-preview, .preview-content", "timeoutMs": 10000 } },
  { "tool": "screenshot", "args": { "name": "14-e2e-letter-preview", "fullPage": true } },

  { "tool": "navigate", "args": { "url": "http://localhost:5173/faxDashboard" } },
  { "tool": "wait_for_selector", "args": { "selector": "main", "timeoutMs": 20000 } },
  { "tool": "screenshot", "args": { "name": "15-e2e-fax-dashboard", "fullPage": true } },

  { "tool": "navigate", "args": { "url": "http://localhost:5173/sendFax" } },
  { "tool": "wait_for_selector", "args": { "selector": "form", "timeoutMs": 20000 } },
  { "tool": "type", "args": { "selector": "input[name='recipient']", "text": "555-123-4567" } },
  { "tool": "type", "args": { "selector": "input[name='subject']", "text": "Test Fax Document" } },
  { "tool": "type", "args": { "selector": "textarea[name='message']", "text": "This is a test fax message." } },
  { "tool": "screenshot", "args": { "name": "16-e2e-send-fax-form-filled", "selector": "form" } },
  { "tool": "click", "args": { "selector": "button[type='submit']" } },
  { "tool": "wait_for_selector", "args": { "selector": ".toast, .notification", "timeoutMs": 10000 } },
  { "tool": "screenshot", "args": { "name": "17-e2e-send-fax-result", "fullPage": true } },

  { "tool": "navigate", "args": { "url": "http://localhost:5173/reports/sis-reports" } },
  { "tool": "wait_for_selector", "args": { "selector": "main", "timeoutMs": 20000 } },
  { "tool": "screenshot", "args": { "name": "18-e2e-sis-reports", "fullPage": true } },

  { "tool": "navigate", "args": { "url": "http://localhost:5173/templates" } },
  { "tool": "wait_for_selector", "args": { "selector": "main", "timeoutMs": 20000 } },
  { "tool": "screenshot", "args": { "name": "19-e2e-templates-page", "fullPage": true } },

  { "tool": "navigate", "args": { "url": "http://localhost:5173/admin" } },
  { "tool": "wait_for_selector", "args": { "selector": "main", "timeoutMs": 20000 } },
  { "tool": "screenshot", "args": { "name": "20-e2e-admin-dashboard", "fullPage": true } },

  { "tool": "navigate", "args": { "url": "http://localhost:5173/profile" } },
  { "tool": "wait_for_selector", "args": { "selector": "main", "timeoutMs": 20000 } },
  { "tool": "screenshot", "args": { "name": "21-e2e-profile-page", "fullPage": true } },

  { "tool": "navigate", "args": { "url": "http://localhost:5173/" } },
  { "tool": "wait_for_selector", "args": { "selector": "main", "timeoutMs": 20000 } },
  { "tool": "screenshot", "args": { "name": "22-e2e-final-dashboard", "fullPage": true } },

  { "tool": "navigate", "args": { "url": "http://localhost:5173/logout" } },
  { "tool": "wait_for_selector", "args": { "selector": "input[name='username']", "timeoutMs": 10000 } },
  { "tool": "screenshot", "args": { "name": "23-e2e-logout-success", "fullPage": true } }
]
