[
  { "tool": "navigate", "args": { "url": "http://localhost:5173/login" } },
  { "tool": "wait_for_selector", "args": { "selector": "input[name='username']", "timeoutMs": 20000 } },
  { "tool": "type", "args": { "selector": "input[name='username']", "text": "admin" } },
  { "tool": "type", "args": { "selector": "input[name='password']", "text": "password123" } },
  { "tool": "click", "args": { "selector": "button[type='submit']" } },
  { "tool": "wait_for_selector", "args": { "selector": "nav, main", "timeoutMs": 20000 } },

  { "tool": "navigate", "args": { "url": "http://localhost:5173/dms" } },
  { "tool": "wait_for_selector", "args": { "selector": "main, .dms-page", "timeoutMs": 20000 } },
  { "tool": "screenshot", "args": { "name": "01-dms-main-page", "fullPage": true } },

  { "tool": "click", "args": { "selector": "input[type='file'], #fileInput" } },
  { "tool": "wait_for_selector", "args": { "selector": "input[type='file']", "timeoutMs": 5000 } },
  { "tool": "screenshot", "args": { "name": "02-dms-file-upload-dialog", "fullPage": true } },

  { "tool": "navigate", "args": { "url": "http://localhost:5173/file-upload" } },
  { "tool": "wait_for_selector", "args": { "selector": "form, .upload-form", "timeoutMs": 20000 } },
  { "tool": "screenshot", "args": { "name": "03-dms-upload-document-form", "fullPage": true } },

  { "tool": "click", "args": { "selector": "select[name='practice'], [role='combobox']:has-text('Practice')" } },
  { "tool": "wait_for_selector", "args": { "selector": "option, [role='option']", "timeoutMs": 5000 } },
  { "tool": "click", "args": { "selector": "option:first-child, [role='option']:first-child" } },

  { "tool": "type", "args": { "selector": "input[name='patientId'], input[placeholder*='Patient']", "text": "PAT001" } },

  { "tool": "click", "args": { "selector": "select[name='folder'], [role='combobox']:has-text('Folder')" } },
  { "tool": "wait_for_selector", "args": { "selector": "option, [role='option']", "timeoutMs": 5000 } },
  { "tool": "click", "args": { "selector": "option:first-child, [role='option']:first-child" } },

  { "tool": "click", "args": { "selector": "select[name='documentType'], [role='combobox']:has-text('Document Type')" } },
  { "tool": "wait_for_selector", "args": { "selector": "option, [role='option']", "timeoutMs": 5000 } },
  { "tool": "click", "args": { "selector": "option:first-child, [role='option']:first-child" } },

  { "tool": "screenshot", "args": { "name": "04-dms-upload-form-filled", "selector": "form" } },

  { "tool": "click", "args": { "selector": "input[type='file'], button:has-text('Choose File')" } },
  { "tool": "wait_for_selector", "args": { "selector": "input[type='file']", "timeoutMs": 5000 } },
  { "tool": "screenshot", "args": { "name": "05-dms-file-selection", "fullPage": true } },

  { "tool": "click", "args": { "selector": "button:has-text('Upload'), button[type='submit']" } },
  { "tool": "wait_for_selector", "args": { "selector": ".toast, .notification, .alert", "timeoutMs": 10000 } },
  { "tool": "screenshot", "args": { "name": "06-dms-upload-result", "fullPage": true } },

  { "tool": "navigate", "args": { "url": "http://localhost:5173/dms" } },
  { "tool": "wait_for_selector", "args": { "selector": "main, .dms-page", "timeoutMs": 20000 } },
  { "tool": "screenshot", "args": { "name": "07-dms-after-upload", "fullPage": true } },

  { "tool": "type", "args": { "selector": "input[placeholder*='Search'], input[name='search']", "text": "PAT001" } },
  { "tool": "click", "args": { "selector": "button:has-text('Search'), button[type='submit']" } },
  { "tool": "wait_for_selector", "args": { "selector": ".search-results, .patient-list", "timeoutMs": 10000 } },
  { "tool": "screenshot", "args": { "name": "08-dms-patient-search", "fullPage": true } },

  { "tool": "click", "args": { "selector": "select[name='practiceFilter'], [role='combobox']:has-text('Practice')" } },
  { "tool": "wait_for_selector", "args": { "selector": "option, [role='option']", "timeoutMs": 5000 } },
  { "tool": "click", "args": { "selector": "option:first-child, [role='option']:first-child" } },
  { "tool": "screenshot", "args": { "name": "09-dms-practice-filter", "fullPage": true } },

  { "tool": "click", "args": { "selector": "select[name='documentTypeFilter'], [role='combobox']:has-text('Document Type')" } },
  { "tool": "wait_for_selector", "args": { "selector": "option, [role='option']", "timeoutMs": 5000 } },
  { "tool": "click", "args": { "selector": "option:first-child, [role='option']:first-child" } },
  { "tool": "screenshot", "args": { "name": "10-dms-document-type-filter", "fullPage": true } },

  { "tool": "type", "args": { "selector": "input[name='fromDate'], input[type='date']", "text": "2024-01-01" } },
  { "tool": "type", "args": { "selector": "input[name='toDate'], input[type='date']", "text": "2024-12-31" } },
  { "tool": "screenshot", "args": { "name": "11-dms-date-range-filter", "fullPage": true } },

  { "tool": "click", "args": { "selector": "button:has-text('Apply Filter'), button:has-text('Filter')" } },
  { "tool": "wait_for_selector", "args": { "selector": ".filtered-results, .document-list", "timeoutMs": 10000 } },
  { "tool": "screenshot", "args": { "name": "12-dms-filtered-results", "fullPage": true } },

  { "tool": "click", "args": { "selector": ".document-item, .file-item, [role='button']" } },
  { "tool": "wait_for_selector", "args": { "selector": ".pdf-viewer, .document-viewer", "timeoutMs": 10000 } },
  { "tool": "screenshot", "args": { "name": "13-dms-document-viewer", "fullPage": true } },

  { "tool": "click", "args": { "selector": "button:has-text('Zoom In'), button[title*='Zoom']" } },
  { "tool": "wait_for_selector", "args": { "selector": ".pdf-viewer", "timeoutMs": 5000 } },
  { "tool": "screenshot", "args": { "name": "14-dms-zoom-in", "fullPage": true } },

  { "tool": "click", "args": { "selector": "button:has-text('Zoom Out'), button[title*='Zoom']" } },
  { "tool": "wait_for_selector", "args": { "selector": ".pdf-viewer", "timeoutMs": 5000 } },
  { "tool": "screenshot", "args": { "name": "15-dms-zoom-out", "fullPage": true } },

  { "tool": "click", "args": { "selector": "button:has-text('Rotate'), button[title*='Rotate']" } },
  { "tool": "wait_for_selector", "args": { "selector": ".pdf-viewer", "timeoutMs": 5000 } },
  { "tool": "screenshot", "args": { "name": "16-dms-rotate", "fullPage": true } },

  { "tool": "click", "args": { "selector": "button:has-text('Full Screen'), button[title*='Full Screen']" } },
  { "tool": "wait_for_selector", "args": { "selector": ".fullscreen, .maximized", "timeoutMs": 5000 } },
  { "tool": "screenshot", "args": { "name": "17-dms-fullscreen", "fullPage": true } },

  { "tool": "click", "args": { "selector": "button:has-text('Exit Full Screen'), button[title*='Exit']" } },
  { "tool": "wait_for_selector", "args": { "selector": ".pdf-viewer:not(.fullscreen)", "timeoutMs": 5000 } },
  { "tool": "screenshot", "args": { "name": "18-dms-exit-fullscreen", "fullPage": true } },

  { "tool": "click", "args": { "selector": "button:has-text('Page Selection'), button[title*='Page']" } },
  { "tool": "wait_for_selector", "args": { "selector": ".page-selection, .page-options", "timeoutMs": 5000 } },
  { "tool": "screenshot", "args": { "name": "19-dms-page-selection", "fullPage": true } },

  { "tool": "click", "args": { "selector": "button:has-text('Segregate'), button:has-text('Create Segregation')" } },
  { "tool": "wait_for_selector", "args": { "selector": ".segregation-form, .segregation-modal", "timeoutMs": 10000 } },
  { "tool": "screenshot", "args": { "name": "20-dms-segregation-form", "fullPage": true } },

  { "tool": "type", "args": { "selector": "input[name='patientName'], input[placeholder*='Patient']", "text": "John Doe" } },
  { "tool": "type", "args": { "selector": "input[name='fromDate']", "text": "2024-01-01" } },
  { "tool": "type", "args": { "selector": "input[name='toDate']", "text": "2024-01-31" } },
  { "tool": "type", "args": { "selector": "input[name='pageNumbers'], input[placeholder*='Page']", "text": "1,2,3" } },

  { "tool": "screenshot", "args": { "name": "21-dms-segregation-form-filled", "selector": ".segregation-form" } },

  { "tool": "click", "args": { "selector": "button:has-text('Add Segregation'), button:has-text('Add')" } },
  { "tool": "wait_for_selector", "args": { "selector": ".segregation-list, .segregation-item", "timeoutMs": 5000 } },
  { "tool": "screenshot", "args": { "name": "22-dms-segregation-added", "fullPage": true } },

  { "tool": "click", "args": { "selector": "button:has-text('Process Segregation'), button:has-text('Process')" } },
  { "tool": "wait_for_selector", "args": { "selector": ".toast, .notification, .alert", "timeoutMs": 10000 } },
  { "tool": "screenshot", "args": { "name": "23-dms-segregation-processed", "fullPage": true } },

  { "tool": "navigate", "args": { "url": "http://localhost:5173/document-types" } },
  { "tool": "wait_for_selector", "args": { "selector": "main, .document-types-page", "timeoutMs": 20000 } },
  { "tool": "screenshot", "args": { "name": "24-dms-document-types", "fullPage": true } },

  { "tool": "navigate", "args": { "url": "http://localhost:5173/patient-documents/PAT001" } },
  { "tool": "wait_for_selector", "args": { "selector": "main, .patient-documents", "timeoutMs": 20000 } },
  { "tool": "screenshot", "args": { "name": "25-dms-patient-documents", "fullPage": true } },

  { "tool": "navigate", "args": { "url": "http://localhost:5173/e-files/PAT001" } },
  { "tool": "wait_for_selector", "args": { "selector": "main, .e-files", "timeoutMs": 20000 } },
  { "tool": "screenshot", "args": { "name": "26-dms-e-files", "fullPage": true } },

  { "tool": "click", "args": { "selector": "input[type='checkbox'], .select-row" } },
  { "tool": "wait_for_selector", "args": { "selector": ".selected, .checked", "timeoutMs": 5000 } },
  { "tool": "screenshot", "args": { "name": "27-dms-file-selection", "fullPage": true } },

  { "tool": "click", "args": { "selector": "button:has-text('Send as Fax'), button:has-text('Fax')" } },
  { "tool": "wait_for_selector", "args": { "selector": ".fax-modal, .send-fax", "timeoutMs": 10000 } },
  { "tool": "screenshot", "args": { "name": "28-dms-send-fax-modal", "fullPage": true } },

  { "tool": "click", "args": { "selector": "button:has-text('Close'), button:has-text('Cancel')" } },
  { "tool": "wait_for_selector", "args": { "selector": "main, .e-files", "timeoutMs": 10000 } },
  { "tool": "screenshot", "args": { "name": "29-dms-e-files-final", "fullPage": true } }
]
